Music_ID,Name of Work,Composer,Period
0,"Ach bleib bei uns, Herr Jesu Christ, BWV 649","Bach, Johann Sebastian",Baroque
1,"Ach Gott, wie manches Herzeleid, BWV 3","Bach, Johann Sebastian",Baroque
2,"Ach, dass nicht die letzte Stunde, BWV 439","Bach, Johann Sebastian",Baroque
3,"Air in F major, BWV Anh.131","Bach, Johann Sebastian",Baroque
4,"Alla breve in D major, BWV 589","Bach, Johann Sebastian",Baroque
5,"Also hat Gott die Welt geliebt, BWV 68","Bach, Johann Sebastian",Baroque
6,"Am Abend aber desselbigen Sabbats, BWV 42","Bach, Johann Sebastian",Baroque
7,"Aria variata in A minor, BWV 989","Bach, Johann Sebastian",Baroque
8,"Brandenburg Concerto No.2 in F major, BWV 1047","Bach, Johann Sebastian",Baroque
9,"Brandenburg Concerto No.3 in G major, BWV 1048","Bach, Johann Sebastian",Baroque
10,"Brandenburg Concerto No.4 in G major, BWV 1049","Bach, Johann Sebastian",Baroque
11,"Brandenburg Concerto No.5 in D major, BWV 1050","Bach, Johann Sebastian",Baroque
12,"Brandenburg Concerto No.6 in B-flat major, BWV 1051","Bach, Johann Sebastian",Baroque
13,"Brich entzwei, mein armes Herze, BWV 444","Bach, Johann Sebastian",Baroque
14,"Capriccio in B-flat major, BWV 992","Bach, Johann Sebastian",Baroque
15,"Capriccio in E major, BWV 993","Bach, Johann Sebastian",Baroque
16,"Cello Suite No.1 in G major, BWV 1007","Bach, Johann Sebastian",Baroque
17,"Cello Suite No.3 in C major, BWV 1009","Bach, Johann Sebastian",Baroque
18,"Cello Suite No.5 in C minor, BWV 1011","Bach, Johann Sebastian",Baroque
19,"Cello Suite No.6 in D major, BWV 1012","Bach, Johann Sebastian",Baroque
20,"Chromatic Fantasia and Fugue, BWV 903","Bach, Johann Sebastian",Baroque
21,"Concerto for 2 Violins in D minor, BWV 1043","Bach, Johann Sebastian",Baroque
22,"Concerto for 3 Harpsichords in D minor, BWV 1063","Bach, Johann Sebastian",Baroque
23,"Du sollt Gott, deinen Herren, lieben, BWV 77","Bach, Johann Sebastian",Baroque
24,"Duetto No.1 in E minor, BWV 802","Bach, Johann Sebastian",Baroque
25,"Duetto No.2 in F major, BWV 803","Bach, Johann Sebastian",Baroque
26,"Duetto No.3 in G major, BWV 804","Bach, Johann Sebastian",Baroque
27,"Duetto No.4 in A minor, BWV 805","Bach, Johann Sebastian",Baroque
28,"Ein Herz, das seinen Jesum lebend weiß, BWV 134","Bach, Johann Sebastian",Baroque
29,"English Suite No.1 in A major, BWV 806","Bach, Johann Sebastian",Baroque
30,"English Suite No.2 in A minor, BWV 807","Bach, Johann Sebastian",Baroque
31,"English Suite No.3 in G minor, BWV 808","Bach, Johann Sebastian",Baroque
32,"Erbarm dich mein, o Herre Gott, BWV 721","Bach, Johann Sebastian",Baroque
33,"Fantasia and Fugue in A minor, BWV 904","Bach, Johann Sebastian",Baroque
34,"Fantasia and Fugue in A minor, BWV 944","Bach, Johann Sebastian",Baroque
35,"Fantasia and Fugue in G minor, BWV 542","Bach, Johann Sebastian",Baroque
36,"Fantasia super 'Komm, Heiliger Geist', BWV 651","Bach, Johann Sebastian",Baroque
37,"Flute Sonata in B minor, BWV 1030","Bach, Johann Sebastian",Baroque
38,"Flute Sonata in A major, BWV 1032","Bach, Johann Sebastian",Baroque
39,"Flute Sonata in C major, BWV 1033","Bach, Johann Sebastian",Baroque
40,"Flute Sonata in E minor, BWV 1034","Bach, Johann Sebastian",Baroque
41,"Flute Sonata in E major, BWV 1035","Bach, Johann Sebastian",Baroque
42,"French Suite No.1 in D minor, BWV 812","Bach, Johann Sebastian",Baroque
43,"French Suite No.2 in C minor, BWV 813","Bach, Johann Sebastian",Baroque
44,"French Suite No.4 in E-flat major, BWV 815","Bach, Johann Sebastian",Baroque
45,"French Suite No.5 in G major, BWV 816","Bach, Johann Sebastian",Baroque
46,"French Suite No.6 in E major, BWV 817","Bach, Johann Sebastian",Baroque
47,"Fuga sopra il Magnificat, BWV 733","Bach, Johann Sebastian",Baroque
48,"Goldberg-Variationen, BWV 988","Bach, Johann Sebastian",Baroque
49,"Gott fähret auf mit Jauchzen, BWV 43","Bach, Johann Sebastian",Baroque
50,"Gottes Zeit ist die allerbeste Zeit, BWV 106","Bach, Johann Sebastian",Baroque
51,"Harpsichord Concerto No.2 in E major, BWV 1053","Bach, Johann Sebastian",Baroque
52,"Harpsichord Concerto No.4 in A major, BWV 1055","Bach, Johann Sebastian",Baroque
53,"Harpsichord Concerto No.6 in F major, BWV 1057","Bach, Johann Sebastian",Baroque
54,"Herz und Mund und Tat und Leben, BWV 147","Bach, Johann Sebastian",Baroque
55,"Ich freue mich in dir, BWV 465","Bach, Johann Sebastian",Baroque
56,"Ich habe genug, BWV 82","Bach, Johann Sebastian",Baroque
57,"Ihr Menschen, rühmet Gottes Liebe, BWV 167","Bach, Johann Sebastian",Baroque
58,"In dulci jubilo, BWV 729","Bach, Johann Sebastian",Baroque
59,"Invention in C major, BWV 772","Bach, Johann Sebastian",Baroque
60,"Invention in B-flat major, BWV 785","Bach, Johann Sebastian",Baroque
61,"Italienisches Konzert, BWV 971","Bach, Johann Sebastian",Baroque
62,"Jesu, meine Freude, BWV 753","Bach, Johann Sebastian",Baroque
63,"Jesus nahm zu sich die Zwölfe, BWV 22","Bach, Johann Sebastian",Baroque
64,"9 Kleine Präludien, BWV 924-932","Bach, Johann Sebastian",Baroque
65,"6 Kleine Präludien, BWV 933-938","Bach, Johann Sebastian",Baroque
66,"Komm, Gott, Schöpfer, heiliger Geist, BWV 667","Bach, Johann Sebastian",Baroque
67,"Komm, süßer Tod, BWV 478","Bach, Johann Sebastian",Baroque
68,"Kommst du nun, Jesu, vom Himmel herunter, BWV 650","Bach, Johann Sebastian",Baroque
69,"Liebster Jesu, wir sind hier, BWV 731","Bach, Johann Sebastian",Baroque
70,"Lobe den Herren, den mächtigen König der Ehren, BWV 137","Bach, Johann Sebastian",Baroque
71,"Mein Herze schwimmt im Blut, BWV 199","Bach, Johann Sebastian",Baroque
72,"Mein Jesu! was vor Seelenweh, BWV 487","Bach, Johann Sebastian",Baroque
73,"Meine Seele erhebt den Herren, BWV 648","Bach, Johann Sebastian",Baroque
74,"Musette in D major, BWV Anh.126","Bach, Johann Sebastian",Baroque
75,"Nun komm, der Heiden Heiland, BWV 661","Bach, Johann Sebastian",Baroque
76,"Oboe d'amore Concerto in A major, BWV 1055R","Bach, Johann Sebastian",Baroque
77,"Organ Concerto in C major, BWV 595","Bach, Johann Sebastian",Baroque
78,"Partita in A minor, BWV 1013","Bach, Johann Sebastian",Baroque
79,"Partita in B-flat major, BWV 825","Bach, Johann Sebastian",Baroque
80,"Partita in C minor, BWV 826","Bach, Johann Sebastian",Baroque
81,"Partita in A minor, BWV 827","Bach, Johann Sebastian",Baroque
82,"Partita in D major, BWV 828","Bach, Johann Sebastian",Baroque
83,"Partita in G major, BWV 829","Bach, Johann Sebastian",Baroque
84,"Passacaglia in C minor, BWV 582","Bach, Johann Sebastian",Baroque
85,"Prelude and Fugue in D major, BWV 532","Bach, Johann Sebastian",Baroque
86,"Prelude and Fugue in G major, BWV 541","Bach, Johann Sebastian",Baroque
87,"Prelude and Fugue in A minor, BWV 543","Bach, Johann Sebastian",Baroque
88,"Prelude and Fugue in B minor, BWV 544","Bach, Johann Sebastian",Baroque
89,"Prelude and Fugue in C minor, BWV 546","Bach, Johann Sebastian",Baroque
90,"Prelude and Fugue in C major, BWV 547","Bach, Johann Sebastian",Baroque
91,"Prelude and Fugue in E minor, BWV 548","Bach, Johann Sebastian",Baroque
92,"Prelude and Fugue in C minor, BWV 549","Bach, Johann Sebastian",Baroque
93,"Prelude and Fugue in E-flat major, BWV 552","Bach, Johann Sebastian",Baroque
94,"Prelude and Fugue in C minor, BWV 847","Bach, Johann Sebastian",Baroque
95,"Prelude and Fugue in E-flat minor, BWV 853","Bach, Johann Sebastian",Baroque
96,"Prelude and Fugue in F-sharp major, BWV 858","Bach, Johann Sebastian",Baroque
97,"Prelude and Fugue in G-sharp minor, BWV 863","Bach, Johann Sebastian",Baroque
98,"Prelude and Fugue in B-flat minor, BWV 867","Bach, Johann Sebastian",Baroque
99,"Prelude and Fugue in B major, BWV 868","Bach, Johann Sebastian",Baroque
100,"Prelude and Fugue in C major, BWV 870","Bach, Johann Sebastian",Baroque
101,"Prelude and Fugue in C minor, BWV 871","Bach, Johann Sebastian",Baroque
102,"Prelude and Fugue in C-sharp major, BWV 872","Bach, Johann Sebastian",Baroque
103,"Prelude and Fugue in C-sharp minor, BWV 873","Bach, Johann Sebastian",Baroque
104,"Prelude and Fugue in D major, BWV 874","Bach, Johann Sebastian",Baroque
105,"Prelude and Fugue in D minor, BWV 875","Bach, Johann Sebastian",Baroque
106,"Prelude and Fugue in E-flat major, BWV 876","Bach, Johann Sebastian",Baroque
107,"Prelude and Fugue in E-flat minor, BWV 877","Bach, Johann Sebastian",Baroque
108,"Prelude and Fugue in E major, BWV 878","Bach, Johann Sebastian",Baroque
109,"Prelude and Fugue in E minor, BWV 879","Bach, Johann Sebastian",Baroque
110,"Prelude and Fugue in F major, BWV 880","Bach, Johann Sebastian",Baroque
111,"Prelude and Fugue in F minor, BWV 881","Bach, Johann Sebastian",Baroque
112,"Prelude and Fugue in F-sharp major, BWV 882","Bach, Johann Sebastian",Baroque
113,"Prelude and Fugue in F-sharp minor, BWV 883","Bach, Johann Sebastian",Baroque
114,"Prelude and Fugue in G major, BWV 884","Bach, Johann Sebastian",Baroque
115,"Prelude and Fugue in G minor, BWV 885","Bach, Johann Sebastian",Baroque
116,"Prelude and Fugue in A-flat major, BWV 886","Bach, Johann Sebastian",Baroque
117,"Prelude and Fugue in G-sharp minor, BWV 887","Bach, Johann Sebastian",Baroque
118,"Prelude and Fugue in A major, BWV 888","Bach, Johann Sebastian",Baroque
119,"Prelude and Fugue in A minor, BWV 889","Bach, Johann Sebastian",Baroque
120,"Prelude and Fugue in B-flat major, BWV 890","Bach, Johann Sebastian",Baroque
121,"Prelude and Fugue in B-flat minor, BWV 891","Bach, Johann Sebastian",Baroque
122,"Prelude and Fugue in B major, BWV 892","Bach, Johann Sebastian",Baroque
123,"Prelude and Fugue in B minor, BWV 893","Bach, Johann Sebastian",Baroque
124,"Prelude in A minor, BWV 922","Bach, Johann Sebastian",Baroque
125,"Prelude in C minor, BWV 999","Bach, Johann Sebastian",Baroque
126,"Sarabande in G minor, BWV 839","Bach, Johann Sebastian",Baroque
127,"Schmücke dich, o liebe Seele, BWV 654","Bach, Johann Sebastian",Baroque
128,"Schwingt freudig euch empor, BWV 36","Bach, Johann Sebastian",Baroque
129,"Sinfonia in C major, BWV 787","Bach, Johann Sebastian",Baroque
130,"Sinfonia in C minor, BWV 788","Bach, Johann Sebastian",Baroque
131,"Sinfonia in D major, BWV 789","Bach, Johann Sebastian",Baroque
132,"Sinfonia in D minor, BWV 790","Bach, Johann Sebastian",Baroque
133,"Sinfonia in E-flat major, BWV 791","Bach, Johann Sebastian",Baroque
134,"Sinfonia in E major, BWV 792","Bach, Johann Sebastian",Baroque
135,"Sinfonia in E minor, BWV 793","Bach, Johann Sebastian",Baroque
136,"Sinfonia in F major, BWV 794","Bach, Johann Sebastian",Baroque
137,"Sinfonia in F minor, BWV 795","Bach, Johann Sebastian",Baroque
138,"Sinfonia in G major, BWV 796","Bach, Johann Sebastian",Baroque
139,"Sinfonia in G minor, BWV 797","Bach, Johann Sebastian",Baroque
140,"Sinfonia in A major, BWV 798","Bach, Johann Sebastian",Baroque
141,"Sinfonia in A minor, BWV 799","Bach, Johann Sebastian",Baroque
142,"Sinfonia in B-flat major, BWV 800","Bach, Johann Sebastian",Baroque
143,"Sinfonia in B minor, BWV 801","Bach, Johann Sebastian",Baroque
144,"15 Sinfonias, BWV 787-801","Bach, Johann Sebastian",Baroque
145,"Sonata for Viola da Gamba in D major, BWV 1028","Bach, Johann Sebastian",Baroque
146,"Suite in F minor, BWV 823","Bach, Johann Sebastian",Baroque
147,"Suite in G minor, BWV 995","Bach, Johann Sebastian",Baroque
148,"Toccata and Fugue in D minor, BWV 565","Bach, Johann Sebastian",Baroque
149,"Toccata and Fugue in F major, BWV 540","Bach, Johann Sebastian",Baroque
150,"Toccata in C minor, BWV 911","Bach, Johann Sebastian",Baroque
151,"Toccata in D major, BWV 912","Bach, Johann Sebastian",Baroque
152,"Toccata in D minor, BWV 913","Bach, Johann Sebastian",Baroque
153,"Toccata in E minor, BWV 914","Bach, Johann Sebastian",Baroque
154,"Toccata in F-sharp minor, BWV 910","Bach, Johann Sebastian",Baroque
155,"Toccata in G major, BWV 916","Bach, Johann Sebastian",Baroque
156,"Toccata in G minor, BWV 915","Bach, Johann Sebastian",Baroque
157,"Toccata, Adagio and Fugue in C major, BWV 564","Bach, Johann Sebastian",Baroque
158,"Trio Sonata in G major, BWV 1039","Bach, Johann Sebastian",Baroque
159,"Trio super 'Allein Gott in der Höh sei Ehr', BWV 664","Bach, Johann Sebastian",Baroque
160,"Trio super 'Herr Jesu Christ dich zu uns wend', BWV 655","Bach, Johann Sebastian",Baroque
161,"Vergiss mein nicht, mein allerliebster Gott, BWV 505","Bach, Johann Sebastian",Baroque
162,"Violin Concerto in A minor, BWV 1041","Bach, Johann Sebastian",Baroque
163,"Violin Concerto in E major, BWV 1042","Bach, Johann Sebastian",Baroque
164,"Violin Partita No.2 in D minor, BWV 1004","Bach, Johann Sebastian",Baroque
165,"Violin Partita No.3 in E major, BWV 1006","Bach, Johann Sebastian",Baroque
166,"Violin Sonata No.1 in G minor, BWV 1001","Bach, Johann Sebastian",Baroque
167,"Violin Sonata No.2 in A minor, BWV 1003","Bach, Johann Sebastian",Baroque
168,"Violin Sonata in C minor, BWV 1017","Bach, Johann Sebastian",Baroque
169,"Violin Sonata in F minor, BWV 1018","Bach, Johann Sebastian",Baroque
170,"Violin Sonata in G major, BWV 1019","Bach, Johann Sebastian",Baroque
171,"Von Gott will ich nicht lassen, BWV 658","Bach, Johann Sebastian",Baroque
172,"Wachet auf, ruft uns die Stimme, BWV 140","Bach, Johann Sebastian",Baroque
173,"Wachet auf, ruft uns die Stimme, BWV 645","Bach, Johann Sebastian",Baroque
174,"Was mir behagt, ist nur die muntre Jagd, BWV 208","Bach, Johann Sebastian",Baroque
175,"Was soll ich aus dir machen, Ephraim, BWV 89","Bach, Johann Sebastian",Baroque
176,"Wer nur den lieben Gott lässt walten, BWV 647","Bach, Johann Sebastian",Baroque
177,"Widerstehe doch der Sünde, BWV 54","Bach, Johann Sebastian",Baroque
178,"Wie schön leuchtet der Morgenstern, BWV 764","Bach, Johann Sebastian",Baroque
179,"Wir danken dir, Gott, wir danken dir, BWV 29","Bach, Johann Sebastian",Baroque
180,"Wir glauben all' an einen Gott, Vater, BWV 740","Bach, Johann Sebastian",Baroque
181,"Wo soll ich fliehen hin, BWV 646","Bach, Johann Sebastian",Baroque
182,"Das wohltemperierte Klavier II, BWV 870-893","Bach, Johann Sebastian",Baroque
183,"Bassoon Concerto in A minor, RV 497","Vivaldi, Antonio",Baroque
184,"Cello Concerto in G major, RV 413","Vivaldi, Antonio",Baroque
185,"Chamber Concerto in D major, RV 93","Vivaldi, Antonio",Baroque
186,"Chamber Concerto in D major, RV 95","Vivaldi, Antonio",Baroque
187,"Concerto for 2 Cellos in G minor, RV 531","Vivaldi, Antonio",Baroque
188,"Concerto for 2 Flutes in C major, RV 533","Vivaldi, Antonio",Baroque
189,"Concerto for 2 Oboes in D minor, RV 535","Vivaldi, Antonio",Baroque
190,"Concerto for 2 Trumpets in C major, RV 537","Vivaldi, Antonio",Baroque
191,"Concerto for Strings in C major, RV 110","Vivaldi, Antonio",Baroque
192,"Concerto for Strings in C major, RV 114","Vivaldi, Antonio",Baroque
193,"Concerto for Strings in G major, RV 151","Vivaldi, Antonio",Baroque
194,"Concerto in D minor, RV 565","Vivaldi, Antonio",Baroque
195,"Concerto in D minor, RV 566","Vivaldi, Antonio",Baroque
196,"Flute Concerto in G minor, RV 439","Vivaldi, Antonio",Baroque
197,"Nisi Dominus, RV 803","Vivaldi, Antonio",Baroque
198,"Nulla in mundo pax sincera, RV 630","Vivaldi, Antonio",Baroque
199,"Oboe Concerto in C major, RV 450","Vivaldi, Antonio",Baroque
200,"Trio Sonata in D minor, RV 63","Vivaldi, Antonio",Baroque
201,"Violin Concerto in E major, RV 269","Vivaldi, Antonio",Baroque
202,"Violin Concerto in F major, RV 293","Vivaldi, Antonio",Baroque
203,"Violin Concerto in F minor, RV 297","Vivaldi, Antonio",Baroque
204,"Violin Concerto in G major, RV 310","Vivaldi, Antonio",Baroque
205,"Violin Concerto in G minor, RV 315","Vivaldi, Antonio",Baroque
206,"Adagio and Allegro in F minor, K.594","Mozart, Wolfgang Amadeus",Classical
207,"Adagio and Fugue in C minor, K.546","Mozart, Wolfgang Amadeus",Classical
208,"Adagio in B minor, K.540","Mozart, Wolfgang Amadeus",Classical
209,"Adagio in C major, K.356/617a","Mozart, Wolfgang Amadeus",Classical
210,"Allegro in B-flat major, K.3","Mozart, Wolfgang Amadeus",Classical
211,"Allegro in C major, K.1b","Mozart, Wolfgang Amadeus",Classical
212,"Andante in F major, K.616","Mozart, Wolfgang Amadeus",Classical
213,"Ave verum corpus, K.618","Mozart, Wolfgang Amadeus",Classical
214,"Canon for 2 Voices in C minor, K.230/382b","Mozart, Wolfgang Amadeus",Classical
215,"Canon for 3 Voices in A major, K.562","Mozart, Wolfgang Amadeus",Classical
216,"Canon for 3 Voices in B-flat major, K.233/382d","Mozart, Wolfgang Amadeus",Classical
217,"Canon for 3 Voices in C minor, K.229/382a","Mozart, Wolfgang Amadeus",Classical
218,"Canon for 3 Voices in F major, K.507","Mozart, Wolfgang Amadeus",Classical
219,"Canon for 3 Voices in F major, K.508","Mozart, Wolfgang Amadeus",Classical
220,"Canon for 3 Voices in F major, K.559","Mozart, Wolfgang Amadeus",Classical
221,"Canon for 3 Voices in G major, K.234/382e","Mozart, Wolfgang Amadeus",Classical
222,"Canon for 4 Voices in A major, K.561","Mozart, Wolfgang Amadeus",Classical
223,"Canon for 4 Voices in A minor, K.555","Mozart, Wolfgang Amadeus",Classical
224,"Canon for 4 Voices in B-flat major, K.558","Mozart, Wolfgang Amadeus",Classical
225,"Canon for 4 Voices in B-flat major, K.562a","Mozart, Wolfgang Amadeus",Classical
226,"Canon for 4 Voices in C major, K.553","Mozart, Wolfgang Amadeus",Classical
227,"Canon for 4 Voices in C major, K.Anh.191/562c","Mozart, Wolfgang Amadeus",Classical
228,"Canon for 4 Voices in F major, K.560","Mozart, Wolfgang Amadeus",Classical
229,"Canon for 4 Voices in F minor, K.557","Mozart, Wolfgang Amadeus",Classical
230,"Canon for 4 Voices in G major, K.232/509a","Mozart, Wolfgang Amadeus",Classical
231,"Canon for 4 Voices in G major, K.556","Mozart, Wolfgang Amadeus",Classical
232,"Canon for 5 Voices in A major, K.73i","Mozart, Wolfgang Amadeus",Classical
233,"Canon for 6 Voices in B-flat major, K.231/382c","Mozart, Wolfgang Amadeus",Classical
234,"Canon for 6 Voices in D major, K.347/382f","Mozart, Wolfgang Amadeus",Classical
235,"Canon for 12 Voices in G major, K.348/382g","Mozart, Wolfgang Amadeus",Classical
236,"Canons for 2 or 3 Voices, K.508a","Mozart, Wolfgang Amadeus",Classical
237,"Clarinet Quintet in A major, K.581","Mozart, Wolfgang Amadeus",Classical
238,"La Clemenza di Tito, K.621","Mozart, Wolfgang Amadeus",Classical
239,"Divertimento in D major, K.334/320b","Mozart, Wolfgang Amadeus",Classical
240,"Divertimento in E-flat major, K.563","Mozart, Wolfgang Amadeus",Classical
241,"Divertimento in F major, K.138/125c","Mozart, Wolfgang Amadeus",Classical
242,"Duo for Violin and Viola, K.423","Mozart, Wolfgang Amadeus",Classical
243,"Eine kleine Nachtmusik, K.525","Mozart, Wolfgang Amadeus",Classical
244,"Fantasia in C minor, K.475","Mozart, Wolfgang Amadeus",Classical
245,"Fantasia in D minor, K.397/385g","Mozart, Wolfgang Amadeus",Classical
246,"Flute and Harp Concerto in C major, K.299/297c","Mozart, Wolfgang Amadeus",Classical
247,"Flute Concerto in D major, K.314/285d","Mozart, Wolfgang Amadeus",Classical
248,"Flute Quartet in D major, K.285","Mozart, Wolfgang Amadeus",Classical
249,"Horn Concerto in D major, K.412/386b","Mozart, Wolfgang Amadeus",Classical
250,"Horn Concerto in E-flat major, K.417","Mozart, Wolfgang Amadeus",Classical
251,"Horn Concerto in E-flat major, K.447","Mozart, Wolfgang Amadeus",Classical
252,"Horn Concerto in E-flat major, K.495","Mozart, Wolfgang Amadeus",Classical
253,"Mass in C major, K.66","Mozart, Wolfgang Amadeus",Classical
254,"Mass in C major, K.167","Mozart, Wolfgang Amadeus",Classical
255,"Mass in C major, K.257","Mozart, Wolfgang Amadeus",Classical
256,"Mass in C major, K.262/246a","Mozart, Wolfgang Amadeus",Classical
257,"Mass in C major, K.317","Mozart, Wolfgang Amadeus",Classical
258,"Mass in C minor, K.427/417a","Mozart, Wolfgang Amadeus",Classical
259,"Minuet in G major, K.1/1e","Mozart, Wolfgang Amadeus",Classical
260,"Misera, dove son!, K.369","Mozart, Wolfgang Amadeus",Classical
261,"Missa brevis in C major, K.258","Mozart, Wolfgang Amadeus",Classical
262,"Missa brevis in C major, K.259","Mozart, Wolfgang Amadeus",Classical
263,"Missa brevis in D major, K.194/186h","Mozart, Wolfgang Amadeus",Classical
264,"Missa brevis in F major, K.192/186f","Mozart, Wolfgang Amadeus",Classical
265,"Missa solemnis in C major, K.337","Mozart, Wolfgang Amadeus",Classical
266,"Missa solemnis in C minor, K.139/47a","Mozart, Wolfgang Amadeus",Classical
267,"Oboe Concerto in C major, K.314/271k","Mozart, Wolfgang Amadeus",Classical
268,"Oboe Quartet in F major, K.370/368b","Mozart, Wolfgang Amadeus",Classical
269,"Per questa bella mano, K.612","Mozart, Wolfgang Amadeus",Classical
270,"Piano Concerto No.1 in F major, K.37","Mozart, Wolfgang Amadeus",Classical
271,"Piano Concerto No.12 in A major, K.414/385p","Mozart, Wolfgang Amadeus",Classical
272,"Piano Concerto No.14 in E-flat major, K.449","Mozart, Wolfgang Amadeus",Classical
273,"Piano Concerto No.17 in G major, K.453","Mozart, Wolfgang Amadeus",Classical
274,"Piano Concerto No.20 in D minor, K.466","Mozart, Wolfgang Amadeus",Classical
275,"Piano Quartet in E-flat major, K.493","Mozart, Wolfgang Amadeus",Classical
276,"Piano Quartet in G minor, K.478","Mozart, Wolfgang Amadeus",Classical
277,"Piano Sonata No.2 in F major, K.280/189e","Mozart, Wolfgang Amadeus",Classical
278,"Piano Sonata No.4 in E-flat major, K.282/189g","Mozart, Wolfgang Amadeus",Classical
279,"Piano Sonata No.5 in G major, K.283/189h","Mozart, Wolfgang Amadeus",Classical
280,"Piano Sonata No.7 in C major, K.309/284b","Mozart, Wolfgang Amadeus",Classical
281,"Piano Sonata No.8 in A minor, K.310/300d","Mozart, Wolfgang Amadeus",Classical
282,"Piano Sonata No.10 in C major, K.330/300h","Mozart, Wolfgang Amadeus",Classical
283,"Piano Sonata No.12 in F major, K.332/300k","Mozart, Wolfgang Amadeus",Classical
284,"Piano Sonata No.13 in B-flat major, K.333/315c","Mozart, Wolfgang Amadeus",Classical
285,"Piano Sonata No.14 in C minor, K.457","Mozart, Wolfgang Amadeus",Classical
286,"Piano Sonata No.15 in F major, K.533/494","Mozart, Wolfgang Amadeus",Classical
287,"Piano Sonata No.16 in C major, K.545","Mozart, Wolfgang Amadeus",Classical
288,"Piano Sonata No.17 in B-flat major, K.570","Mozart, Wolfgang Amadeus",Classical
289,"Piano Trio in B-flat major, K.502","Mozart, Wolfgang Amadeus",Classical
290,"Piano Trio in C major, K.548","Mozart, Wolfgang Amadeus",Classical
291,"Piano Trio in E major, K.542","Mozart, Wolfgang Amadeus",Classical
292,"Piano Trio in G major, K.496","Mozart, Wolfgang Amadeus",Classical
293,"Quaerite primum regnum Dei, K.86/73v","Mozart, Wolfgang Amadeus",Classical
294,"Quintet in E-flat major, K.452","Mozart, Wolfgang Amadeus",Classical
295,"Regina coeli in C major, K.108/74d","Mozart, Wolfgang Amadeus",Classical
296,"Rondo in B-flat major, K.269/261a","Mozart, Wolfgang Amadeus",Classical
297,"Rondo in D major, K.485","Mozart, Wolfgang Amadeus",Classical
298,"Rondo in E-flat major, K.371","Mozart, Wolfgang Amadeus",Classical
299,"Sancta Maria, mater Dei, K.273","Mozart, Wolfgang Amadeus",Classical
300,"Serenade in D major, K.239","Mozart, Wolfgang Amadeus",Classical
301,"Serenade in E-flat major, K.375","Mozart, Wolfgang Amadeus",Classical
302,"Sinfonia concertante in E-flat major, K.364/320d","Mozart, Wolfgang Amadeus",Classical
303,"Sonata for 2 Pianos in D major, K.448/375a","Mozart, Wolfgang Amadeus",Classical
304,"Sonata for Bassoon and Cello in B-flat major, K.292/196c","Mozart, Wolfgang Amadeus",Classical
305,"Sonata for Piano Four-Hands in C major, K.521","Mozart, Wolfgang Amadeus",Classical
306,"String Quartet No.14 in G major, K.387","Mozart, Wolfgang Amadeus",Classical
307,"String Quartet No.15 in D minor, K.421/417b","Mozart, Wolfgang Amadeus",Classical
308,"String Quartet No.16 in E-flat major, K.428/421b","Mozart, Wolfgang Amadeus",Classical
309,"String Quartet No.17 in B-flat major, K.458","Mozart, Wolfgang Amadeus",Classical
310,"String Quartet No.18 in A major, K.464","Mozart, Wolfgang Amadeus",Classical
311,"String Quartet No.19 in C major, K.465","Mozart, Wolfgang Amadeus",Classical
312,"String Quartet No.23 in F major, K.590","Mozart, Wolfgang Amadeus",Classical
313,"String Quintet No.1 in B-flat major, K.174","Mozart, Wolfgang Amadeus",Classical
314,"String Quintet No.3 in C major, K.515","Mozart, Wolfgang Amadeus",Classical
315,"String Quintet No.4 in G minor, K.516","Mozart, Wolfgang Amadeus",Classical
316,"String Quintet No.5 in D major, K.593","Mozart, Wolfgang Amadeus",Classical
317,"String Quintet No.6 in E-flat major, K.614","Mozart, Wolfgang Amadeus",Classical
318,"Symphony in F major, K.Anh.223/19a","Mozart, Wolfgang Amadeus",Classical
319,"Symphony No.17 in G major, K.129","Mozart, Wolfgang Amadeus",Classical
320,"Symphony No.29 in A major, K.201/186a","Mozart, Wolfgang Amadeus",Classical
321,"Symphony No.36 in C major, K.425","Mozart, Wolfgang Amadeus",Classical
322,"Symphony No.38 in D major, K.504","Mozart, Wolfgang Amadeus",Classical
323,"Symphony No.40 in G minor, K.550","Mozart, Wolfgang Amadeus",Classical
324,"Trio in E-flat major, K.498","Mozart, Wolfgang Amadeus",Classical
325,"8 Variations on ""Ein Weib ist das herrlichste Ding"", K.613","Mozart, Wolfgang Amadeus",Classical
326,"12 Variations on 'Ah, vous dirai-je maman', K.265/300e","Mozart, Wolfgang Amadeus",Classical
327,"Veni Sancte Spiritus, K.47","Mozart, Wolfgang Amadeus",Classical
328,"Vesperae solennes de confessore, K.339","Mozart, Wolfgang Amadeus",Classical
329,"Violin Sonata in C major, K.296","Mozart, Wolfgang Amadeus",Classical
330,"Violin Sonata in E-flat major, K.302/293b","Mozart, Wolfgang Amadeus",Classical
331,"Violin Sonata in E minor, K.304/300c","Mozart, Wolfgang Amadeus",Classical
332,"Violin Sonata in D major, K.306/300l","Mozart, Wolfgang Amadeus",Classical
333,"Violin Sonata in B-flat major, K.378/317d","Mozart, Wolfgang Amadeus",Classical
334,"Violin Sonata in B-flat major, K.454","Mozart, Wolfgang Amadeus",Classical
335,"Violin Sonata in A major, K.526","Mozart, Wolfgang Amadeus",Classical
336,"Abbé Stadler, WoO 178","Beethoven, Ludwig van",Classical
337,"Allegretto, WoO 39","Beethoven, Ludwig van",Classical
338,"An Mälzel, WoO 162","Beethoven, Ludwig van",Classical
339,"Andante favori, WoO 57","Beethoven, Ludwig van",Classical
340,"11 Bagatelles, Op.119","Beethoven, Ludwig van",Classical
341,"Cello Sonata No.1, Op.5 No.1","Beethoven, Ludwig van",Classical
342,"Cello Sonata No.2, Op.5 No.2","Beethoven, Ludwig van",Classical
343,"Cello Sonata No.3, Op.69","Beethoven, Ludwig van",Classical
344,"Cello Sonata No.4, Op.102 No.1","Beethoven, Ludwig van",Classical
345,"Cello Sonata No.5, Op.102 No.2","Beethoven, Ludwig van",Classical
346,"Coriolan, Op.62","Beethoven, Ludwig van",Classical
347,"Ecossaise for Military Band, WoO 23","Beethoven, Ludwig van",Classical
348,"Ecossaise, WoO 86","Beethoven, Ludwig van",Classical
349,"6 Ecossaises, WoO 83","Beethoven, Ludwig van",Classical
350,"Egmont, Op.84","Beethoven, Ludwig van",Classical
351,"Für Elise, WoO 59","Beethoven, Ludwig van",Classical
352,"12 German Dances, WoO 13","Beethoven, Ludwig van",Classical
353,"Leonora Overture No.1, Op.138","Beethoven, Ludwig van",Classical
354,"Leonora Overture No.3, Op.72b","Beethoven, Ludwig van",Classical
355,"March for Military Band, WoO 24","Beethoven, Ludwig van",Classical
356,"Minuet, WoO 82","Beethoven, Ludwig van",Classical
357,"6 Minuets, WoO 10","Beethoven, Ludwig van",Classical
358,"Piano Concerto No.1, Op.15","Beethoven, Ludwig van",Classical
359,"Piano Concerto No.3, Op.37","Beethoven, Ludwig van",Classical
360,"Piano Concerto No.4, Op.58","Beethoven, Ludwig van",Classical
361,"Piano Concerto No.5, Op.73","Beethoven, Ludwig van",Classical
362,"Piano Sonata No.1, Op.2 No.1","Beethoven, Ludwig van",Classical
363,"Piano Sonata No.2, Op.2 No.2","Beethoven, Ludwig van",Classical
364,"Piano Sonata No.3, Op.2 No.3","Beethoven, Ludwig van",Classical
365,"Piano Sonata No.4, Op.7","Beethoven, Ludwig van",Classical
366,"Piano Sonata No.5, Op.10 No.1","Beethoven, Ludwig van",Classical
367,"Piano Sonata No.7, Op.10 No.3","Beethoven, Ludwig van",Classical
368,"Piano Sonata No.8, Op.13","Beethoven, Ludwig van",Classical
369,"Piano Sonata No.9, Op.14 No.1","Beethoven, Ludwig van",Classical
370,"Piano Sonata No.10, Op.14 No.2","Beethoven, Ludwig van",Classical
371,"Piano Sonata No.11, Op.22","Beethoven, Ludwig van",Classical
372,"Piano Sonata No.12, Op.26","Beethoven, Ludwig van",Classical
373,"Piano Sonata No.13, Op.27 No.1","Beethoven, Ludwig van",Classical
374,"Piano Sonata No.14, Op.27 No.2","Beethoven, Ludwig van",Classical
375,"Piano Sonata No.15, Op.28","Beethoven, Ludwig van",Classical
376,"Piano Sonata No.16, Op.31 No.1","Beethoven, Ludwig van",Classical
377,"Piano Sonata No.17, Op.31 No.2","Beethoven, Ludwig van",Classical
378,"Piano Sonata No.18, Op.31 No.3","Beethoven, Ludwig van",Classical
379,"Piano Sonata No.19, Op.49 No.1","Beethoven, Ludwig van",Classical
380,"Piano Sonata No.20, Op.49 No.2","Beethoven, Ludwig van",Classical
381,"Piano Sonata No.21, Op.53","Beethoven, Ludwig van",Classical
382,"Piano Sonata No.22, Op.54","Beethoven, Ludwig van",Classical
383,"Piano Sonata No.23, Op.57","Beethoven, Ludwig van",Classical
384,"Piano Sonata No.24, Op.78","Beethoven, Ludwig van",Classical
385,"Piano Sonata No.25, Op.79","Beethoven, Ludwig van",Classical
386,"Piano Sonata No.26, Op.81a","Beethoven, Ludwig van",Classical
387,"Piano Sonata No.27, Op.90","Beethoven, Ludwig van",Classical
388,"Piano Sonata No.28, Op.101","Beethoven, Ludwig van",Classical
389,"Piano Sonata No.29, Op.106","Beethoven, Ludwig van",Classical
390,"Piano Sonata No.30, Op.109","Beethoven, Ludwig van",Classical
391,"Piano Sonata No.31, Op.110","Beethoven, Ludwig van",Classical
392,"Piano Sonata No.32, Op.111","Beethoven, Ludwig van",Classical
393,"Piano Trio in B-flat major, Op.97","Beethoven, Ludwig van",Classical
394,"Prelude, WoO 55","Beethoven, Ludwig van",Classical
395,"Quintet in E-flat major, Op.16","Beethoven, Ludwig van",Classical
396,"Romance in G major, Op.40","Beethoven, Ludwig van",Classical
397,"Sextet in E-flat major, Op.81b","Beethoven, Ludwig van",Classical
398,"2 Sonatinas for Piano, Anh.5","Beethoven, Ludwig van",Classical
399,"String Quartet No.3, Op.18 No.3","Beethoven, Ludwig van",Classical
400,"String Quartet No.4, Op.18 No.4","Beethoven, Ludwig van",Classical
401,"String Quartet No.6, Op.18 No.6","Beethoven, Ludwig van",Classical
402,"String Quartet No.7, Op.59 No.1","Beethoven, Ludwig van",Classical
403,"String Quartet No.8, Op.59 No.2","Beethoven, Ludwig van",Classical
404,"String Quartet No.9, Op.59 No.3","Beethoven, Ludwig van",Classical
405,"String Quartet No.10, Op.74","Beethoven, Ludwig van",Classical
406,"String Quartet No.11, Op.95","Beethoven, Ludwig van",Classical
407,"String Quartet No.13, Op.130","Beethoven, Ludwig van",Classical
408,"String Quartet No.14, Op.131","Beethoven, Ludwig van",Classical
409,"String Quartet No.15, Op.132","Beethoven, Ludwig van",Classical
410,"String Quartet No.16, Op.135","Beethoven, Ludwig van",Classical
411,"String Quintet in C major, Op.29","Beethoven, Ludwig van",Classical
412,"String Trio in D major, Op.9 No.2","Beethoven, Ludwig van",Classical
413,"String Trio in G major, Op.9 No.1","Beethoven, Ludwig van",Classical
414,"Symphony No.1, Op.21","Beethoven, Ludwig van",Classical
415,"Symphony No.2, Op.36","Beethoven, Ludwig van",Classical
416,"Symphony No.3, Op.55","Beethoven, Ludwig van",Classical
417,"Symphony No.6, Op.68","Beethoven, Ludwig van",Classical
418,Symphony No.10,"Beethoven, Ludwig van",Classical
419,"Variations and Fugue in E-flat major, Op.35","Beethoven, Ludwig van",Classical
420,"32 Variations in C minor, WoO 80","Beethoven, Ludwig van",Classical
421,"6 Variations in F major, Op.34","Beethoven, Ludwig van",Classical
422,"7 Variations on 'Bei Männern, welche Liebe fühlen', WoO 46","Beethoven, Ludwig van",Classical
423,"7 Variations on 'God Save the King', WoO 78","Beethoven, Ludwig van",Classical
424,"6 Variations on 'Nel cor piu non mi sento', WoO 70","Beethoven, Ludwig van",Classical
425,"Violin Concerto in D major, Op.61","Beethoven, Ludwig van",Classical
426,"Violin Sonata No.1, Op.12 No.1","Beethoven, Ludwig van",Classical
427,"Violin Sonata No.2, Op.12 No.2","Beethoven, Ludwig van",Classical
428,"Violin Sonata No.3, Op.12 No.3","Beethoven, Ludwig van",Classical
429,"Violin Sonata No.4, Op.23","Beethoven, Ludwig van",Classical
430,"Violin Sonata No.5, Op.24","Beethoven, Ludwig van",Classical
431,"Violin Sonata No.6, Op.30 No.1","Beethoven, Ludwig van",Classical
432,"Violin Sonata No.7, Op.30 No.2","Beethoven, Ludwig van",Classical
433,"Violin Sonata No.8, Op.30 No.3","Beethoven, Ludwig van",Classical
434,"Violin Sonata No.9, Op.47","Beethoven, Ludwig van",Classical
435,"Violin Sonata No.10, Op.96","Beethoven, Ludwig van",Classical
436,"Die Weihe des Hauses, Op.124","Beethoven, Ludwig van",Classical
437,"Wellingtons Sieg, Op.91","Beethoven, Ludwig van",Classical
438,"Wind Octet in E-flat major, Op.103","Beethoven, Ludwig van",Classical
439,2 Arabesques,"Debussy, Claude",Romantic
440,Cello Sonata,"Debussy, Claude",Romantic
441,3 Chansons de Bilitis,"Debussy, Claude",Romantic
442,Children's Corner,"Debussy, Claude",Romantic
443,La damoiselle élue,"Debussy, Claude",Romantic
444,Danse sacrée et danse profane,"Debussy, Claude",Romantic
445,Danse,"Debussy, Claude",Romantic
446,Élégie,"Debussy, Claude",Romantic
447,"Images, 1ere série","Debussy, Claude",Romantic
448,"Images, 2ème série","Debussy, Claude",Romantic
449,L'Isle joyeuse,"Debussy, Claude",Romantic
450,The Little Nigar,"Debussy, Claude",Romantic
451,Mazurka,"Debussy, Claude",Romantic
452,Nuit d’étoiles,"Debussy, Claude",Romantic
453,La plus que lente,"Debussy, Claude",Romantic
454,Pour le piano,"Debussy, Claude",Romantic
455,"Préludes, Livre 1","Debussy, Claude",Romantic
456,"Préludes, Livre 2","Debussy, Claude",Romantic
457,Première rhapsodie,"Debussy, Claude",Romantic
458,Printemps,"Debussy, Claude",Romantic
459,Rêverie,"Debussy, Claude",Romantic
460,"String Quartet in G minor, Op.10","Debussy, Claude",Romantic
461,Suite bergamasque,"Debussy, Claude",Romantic
462,Violin Sonata,"Debussy, Claude",Romantic
463,Allegretto in F-sharp major,"Chopin, Frédéric",Romantic
464,"Allegro de concert, Op.46","Chopin, Frédéric",Romantic
465,"Andante spianato et Grande polonaise brillante, Op.22","Chopin, Frédéric",Romantic
466,"Andantino, B.117","Chopin, Frédéric",Romantic
467,"Ballade No.1, Op.23","Chopin, Frédéric",Romantic
468,"Ballade No.2, Op.38","Chopin, Frédéric",Romantic
469,"Barcarolle, Op.60","Chopin, Frédéric",Romantic
470,"Berceuse, Op.57","Chopin, Frédéric",Romantic
471,"Bourrée No.1, B.160b1","Chopin, Frédéric",Romantic
472,"Bourrée No.2, B.160b2","Chopin, Frédéric",Romantic
473,"Canon in F minor, B.129a","Chopin, Frédéric",Romantic
474,"Cantabile in B-flat major, B.84","Chopin, Frédéric",Romantic
475,"Cello Sonata, Op.65","Chopin, Frédéric",Romantic
476,"Contredanse in G-flat major, B.17","Chopin, Frédéric",Romantic
477,"3 Ecossaises, Op.72 No.3","Chopin, Frédéric",Romantic
478,"Études, Op.10","Chopin, Frédéric",Romantic
479,"Études, Op.25","Chopin, Frédéric",Romantic
480,"Fantaisie, Op.49","Chopin, Frédéric",Romantic
481,"Fugue in A minor, B.144","Chopin, Frédéric",Romantic
482,Gallop marquis,"Chopin, Frédéric",Romantic
483,"Grande valse brillante, Op.18","Chopin, Frédéric",Romantic
484,"Impromptu No.1, Op.29","Chopin, Frédéric",Romantic
485,"Impromptu No.2, Op.36","Chopin, Frédéric",Romantic
486,"Impromptu No.3, Op.51","Chopin, Frédéric",Romantic
487,"Largo in E-flat major, B.109","Chopin, Frédéric",Romantic
488,"Marche funèbre, Op.72 No.2","Chopin, Frédéric",Romantic
489,"Mazurka in A minor, B.134","Chopin, Frédéric",Romantic
490,"Mazurka in A minor, B.140","Chopin, Frédéric",Romantic
491,"Mazurka in A-flat major, B.85","Chopin, Frédéric",Romantic
492,"Mazurka in C major, B.82","Chopin, Frédéric",Romantic
493,"Mazurka in D major, B.31","Chopin, Frédéric",Romantic
494,"Mazurka in D major, B.71","Chopin, Frédéric",Romantic
495,"2 Mazurkas, B.16","Chopin, Frédéric",Romantic
496,"Mazurkas, Op.6","Chopin, Frédéric",Romantic
497,"Mazurkas, Op.7","Chopin, Frédéric",Romantic
498,"Mazurkas, Op.17","Chopin, Frédéric",Romantic
499,"Mazurkas, Op.24","Chopin, Frédéric",Romantic
500,"Mazurkas, Op.30","Chopin, Frédéric",Romantic
501,"Mazurkas, Op.41","Chopin, Frédéric",Romantic
502,"Mazurkas, Op.50","Chopin, Frédéric",Romantic
503,"Mazurkas, Op.56","Chopin, Frédéric",Romantic
504,"Mazurkas, Op.59","Chopin, Frédéric",Romantic
505,"Mazurkas, Op.63","Chopin, Frédéric",Romantic
506,"Mazurkas, Op.67","Chopin, Frédéric",Romantic
507,"Mazurkas, Op.68","Chopin, Frédéric",Romantic
508,"Moderato in E major, B.151","Chopin, Frédéric",Romantic
509,"Nocturne in C minor, B.108","Chopin, Frédéric",Romantic
510,"Nocturne in C-sharp minor, B.49","Chopin, Frédéric",Romantic
511,"Nocturnes, Op.37","Chopin, Frédéric",Romantic
512,"Nocturnes, Op.48","Chopin, Frédéric",Romantic
513,"Nocturnes, Op.55","Chopin, Frédéric",Romantic
514,"3 Nouvelles études, B.130","Chopin, Frédéric",Romantic
515,"Piano Concerto No.2, Op.21","Chopin, Frédéric",Romantic
516,"Piano Sonata No.2, Op.35","Chopin, Frédéric",Romantic
517,"Piano Sonata No.3, Op.58","Chopin, Frédéric",Romantic
518,"Polonaise in A-flat major, B.5","Chopin, Frédéric",Romantic
519,"Polonaise in B-flat major, B.3","Chopin, Frédéric",Romantic
520,"Polonaise in B-flat minor, B.13","Chopin, Frédéric",Romantic
521,"Polonaise in F-sharp minor, Op.44","Chopin, Frédéric",Romantic
522,"Polonaise in G minor, B.1","Chopin, Frédéric",Romantic
523,"Polonaise in G-flat major, B.36","Chopin, Frédéric",Romantic
524,"Polonaise in G-sharp minor, B.6","Chopin, Frédéric",Romantic
525,"Polonaise-fantaisie, Op.61","Chopin, Frédéric",Romantic
526,"Polonaises, Op.26","Chopin, Frédéric",Romantic
527,"Polonaises, Op.71","Chopin, Frédéric",Romantic
528,"Prelude in A-flat major, B.86","Chopin, Frédéric",Romantic
529,"Preludes, Op.28","Chopin, Frédéric",Romantic
530,"Scherzo No.1, Op.20","Chopin, Frédéric",Romantic
531,"Scherzo No.2, Op.31","Chopin, Frédéric",Romantic
532,"Scherzo No.3, Op.39","Chopin, Frédéric",Romantic
533,"Tarantella, Op.43","Chopin, Frédéric",Romantic
534,"Variations brillantes, Op.12","Chopin, Frédéric",Romantic
535,"Variations for Flute and Piano in E major, B.9","Chopin, Frédéric",Romantic
536,"Variations in A major, B.37","Chopin, Frédéric",Romantic
537,"Variations sur un air national allemand, B.14","Chopin, Frédéric",Romantic
538,"Waltz in A minor, B.150","Chopin, Frédéric",Romantic
539,"Waltz in A-flat major, B.21","Chopin, Frédéric",Romantic
540,"Waltz in A-flat major, Op.42","Chopin, Frédéric",Romantic
541,"Waltz in E major, B.44","Chopin, Frédéric",Romantic
542,"Waltz in E-flat major, B.46","Chopin, Frédéric",Romantic
543,"Waltz in E-flat major, B.133","Chopin, Frédéric",Romantic
544,"Waltzes, Op.34","Chopin, Frédéric",Romantic
545,"4 Ballades, Op.10","Brahms, Johannes",Romantic
546,"Cello Sonata No.1, Op.38","Brahms, Johannes",Romantic
547,"Cello Sonata No.2, Op.99","Brahms, Johannes",Romantic
548,"11 Chorale Preludes, Op.122","Brahms, Johannes",Romantic
549,"Clarinet Quintet, Op.115","Brahms, Johannes",Romantic
550,"Clarinet Sonata No.1, Op.120 No.1","Brahms, Johannes",Romantic
551,"Clarinet Trio, Op.114","Brahms, Johannes",Romantic
552,"14 Deutsche Volkslieder, WoO 34","Brahms, Johannes",Romantic
553,"Ein deutsches Requiem, Op.45","Brahms, Johannes",Romantic
554,"3 Duets, Op.20","Brahms, Johannes",Romantic
555,"4 Duets, Op.61","Brahms, Johannes",Romantic
556,"7 Fantasien, Op.116","Brahms, Johannes",Romantic
557,"4 Gesänge, Op.70","Brahms, Johannes",Romantic
558,"2 Gesänge, Op.91","Brahms, Johannes",Romantic
559,"Horn Trio, Op.40","Brahms, Johannes",Romantic
560,"21 Hungarian Dances (Piano), WoO 1","Brahms, Johannes",Romantic
561,"3 Intermezzi, Op.117","Brahms, Johannes",Romantic
562,"8 Klavierstücke, Op.76","Brahms, Johannes",Romantic
563,"6 Klavierstücke, Op.118","Brahms, Johannes",Romantic
564,"Liebeslieder Waltzes, Op.52","Brahms, Johannes",Romantic
565,"6 Lieder and Romances, Op.93a","Brahms, Johannes",Romantic
566,"9 Lieder and Songs, Op.63","Brahms, Johannes",Romantic
567,"5 Lieder, Op.47","Brahms, Johannes",Romantic
568,"6 Lieder, Op.85","Brahms, Johannes",Romantic
569,"5 Lieder, Op.105","Brahms, Johannes",Romantic
570,"5 Lieder, Op.107","Brahms, Johannes",Romantic
571,"Piano Concerto No.1, Op.15","Brahms, Johannes",Romantic
572,"Piano Concerto No.2, Op.83","Brahms, Johannes",Romantic
573,"Piano Quartet No.1, Op.25","Brahms, Johannes",Romantic
574,"Piano Quartet No.2, Op.26","Brahms, Johannes",Romantic
575,"Piano Quartet No.3, Op.60","Brahms, Johannes",Romantic
576,"Piano Quintet, Op.34","Brahms, Johannes",Romantic
577,"Piano Sonata No.1, Op.1","Brahms, Johannes",Romantic
578,"Piano Sonata No.2, Op.2","Brahms, Johannes",Romantic
579,"Piano Sonata No.3, Op.5","Brahms, Johannes",Romantic
580,"Piano Trio No.1, Op.8","Brahms, Johannes",Romantic
581,"Piano Trio No.3, Op.101","Brahms, Johannes",Romantic
582,"2 Rhapsodies, Op.79","Brahms, Johannes",Romantic
583,"3 Sacred Choruses, Op.37","Brahms, Johannes",Romantic
584,"Schicksalslied, Op.54","Brahms, Johannes",Romantic
585,"4 Serious Songs, Op.121","Brahms, Johannes",Romantic
586,"Sonata for 2 Pianos, Op.34b","Brahms, Johannes",Romantic
587,"3 Songs, Op.42","Brahms, Johannes",Romantic
588,"4 Songs, Op.43","Brahms, Johannes",Romantic
589,"5 Songs, Op.104","Brahms, Johannes",Romantic
590,"String Quartet No.1, Op.51 No.1","Brahms, Johannes",Romantic
591,"String Quartet No.2, Op.51 No.2","Brahms, Johannes",Romantic
592,"String Quartet No.3, Op.67","Brahms, Johannes",Romantic
593,"String Quintet No.1, Op.88","Brahms, Johannes",Romantic
594,"String Quintet No.2, Op.111","Brahms, Johannes",Romantic
595,"String Sextet No.1, Op.18","Brahms, Johannes",Romantic
596,"String Sextet No.2, Op.36","Brahms, Johannes",Romantic
597,"5 Studies, Anh.1a/1","Brahms, Johannes",Romantic
598,"Symphony No.1, Op.68","Brahms, Johannes",Romantic
599,"Symphony No.3, Op.90","Brahms, Johannes",Romantic
600,"Symphony No.4, Op.98","Brahms, Johannes",Romantic
601,"Tragic Overture, Op.81","Brahms, Johannes",Romantic
602,"Variations and Fugue on a Theme by Handel, Op.24","Brahms, Johannes",Romantic
603,"Variations on a Theme by Haydn, Op.56","Brahms, Johannes",Romantic
604,"Variations on a Theme by Paganini, Op.35","Brahms, Johannes",Romantic
605,"Variations on an Original Theme, Op.21 No.1","Brahms, Johannes",Romantic
606,"Violin Concerto, Op.77","Brahms, Johannes",Romantic
607,"Violin Sonata No.1, Op.78","Brahms, Johannes",Romantic
608,"Violin Sonata No.2, Op.100","Brahms, Johannes",Romantic
609,"Violin Sonata No.3, Op.108","Brahms, Johannes",Romantic
610,"16 Waltzes, Op.39","Brahms, Johannes",Romantic
611,"Children's Album, Op.39","Tchaikovsky, Pyotr",Romantic
612,"The Nutcracker (suite), Op.71a","Tchaikovsky, Pyotr",Romantic
613,"Pezzo capriccioso, Op.62","Tchaikovsky, Pyotr",Romantic
614,"6 Pieces, Op.19","Tchaikovsky, Pyotr",Romantic
615,"6 Pieces, Op.51","Tchaikovsky, Pyotr",Romantic
616,Romeo and Juliet (overture-fantasia),"Tchaikovsky, Pyotr",Romantic
617,9 Sacred Pieces,"Tchaikovsky, Pyotr",Romantic
618,"The Seasons, Op.37a","Tchaikovsky, Pyotr",Romantic
619,"Serenade for String Orchestra, Op.48","Tchaikovsky, Pyotr",Romantic
620,"Sérénade mélancolique, Op.26","Tchaikovsky, Pyotr",Romantic
621,"The Sleeping Beauty (ballet), Op.66","Tchaikovsky, Pyotr",Romantic
622,"Souvenir d'un lieu cher, Op.42","Tchaikovsky, Pyotr",Romantic
623,"Souvenir de Florence, Op.70","Tchaikovsky, Pyotr",Romantic
624,"String Quartet No.1, Op.11","Tchaikovsky, Pyotr",Romantic
625,"Symphony No.1, Op.13","Tchaikovsky, Pyotr",Romantic
626,"Symphony No.5, Op.64","Tchaikovsky, Pyotr",Romantic
627,"Symphony No.6, Op.74","Tchaikovsky, Pyotr",Romantic
628,"Variations on a Rococo Theme, Op.33","Tchaikovsky, Pyotr",Romantic
